{"1": 1.8297419548034668, "2": 1.993199110031128, "3": 2.06699800491333, "4": 2.2980940341949463, "5": 2.343844175338745, "6": 2.2171928882598877, "7": 2.2242939472198486, "8": 2.1106789112091064, "9": 2.67814564704895, "10": 2.876746892929077, "11": 24.291348934173584, "12": 5.434082984924316, "13": 5.75049090385437, "14": 4.837397813796997, "15": 4.022087097167969, "16": 45.12306094169617, "17": 16.47566318511963, "18": 24.25485110282898, "19": 201.18465924263, "20": 63.328675746917725, "21": 46.34270191192627, "22": 300.0192291736603, "23": 35.48598623275757, "24": 24.785704135894775, "25": 300.01934003829956}