{"1": 0.0019054412841796875, "2": 0.006176471710205078, "3": 0.004191875457763672, "4": 0.003650665283203125, "5": 0.0024881362915039062, "6": 0.0023620128631591797, "7": 0.002234220504760742, "8": 0.002457857131958008, "9": 0.0020170211791992188, "10": 0.001976490020751953, "11": 0.0019528865814208984, "12": 0.0020279884338378906, "13": 0.001977682113647461, "14": 0.002045869827270508, "15": 0.0020313262939453125, "16": 0.0020461082458496094, "17": 0.002154111862182617, "18": 0.0020492076873779297, "19": 0.0020399093627929688, "20": 0.0020096302032470703, "21": 0.0019834041595458984, "22": 0.0019588470458984375, "23": 0.0020101070404052734, "24": 0.0020918846130371094, "25": 0.0021657943725585938, "26": 0.0020318031311035156, "27": 0.0021190643310546875, "28": 0.0019690990447998047, "29": 0.001934051513671875, "30": 0.002009153366088867, "31": 0.0020780563354492188, "32": 0.0022215843200683594, "33": 0.0020127296447753906, "34": 0.0020177364349365234, "35": 0.0020155906677246094, "36": 0.002006053924560547, "37": 0.0019583702087402344, "38": 0.001961946487426758, "39": 0.0019500255584716797, "40": 0.0019412040710449219}