{"1": 3.1250946521759033, "2": 6.198437452316284, "3": 34.56851315498352, "4": 18.42508363723755, "5": 9.194604873657227, "6": 8.180671691894531, "7": 11.140070915222168, "8": 77.5420036315918, "9": 47.5735080242157, "10": 36.218342304229736, "11": 166.59852576255798, "12": 3.1431679725646973, "13": 7.111051321029663, "14": 4.936406135559082, "15": 4.085217475891113, "16": 4.4981513023376465, "17": 5.411175012588501, "18": 1.8219897747039795, "19": 1.7549891471862793, "20": 2.0496041774749756, "21": 2.119760274887085, "22": 3.679837226867676, "23": 2.155931234359741, "24": 1.9935920238494873, "25": 1.8486778736114502, "26": 1.7909965515136719, "27": 1.9860079288482666, "28": 2.112776279449463, "29": 4.0251710414886475, "30": 1.912336826324463, "31": 2.078847885131836, "32": 4.755690336227417, "33": 2.4657444953918457, "34": 4.625712871551514, "35": 2.4280898571014404, "36": 1.8045885562896729, "37": 1.7315731048583984, "38": 1.7183213233947754, "39": 1.7455308437347412, "40": 1.7380383014678955}