{"1": 0.002315521240234375, "2": 0.001836538314819336, "3": 0.002073049545288086, "4": 0.0022704601287841797, "5": 0.0020570755004882812, "6": 0.0018057823181152344, "7": 0.0018315315246582031, "8": 0.0018873214721679688, "9": 0.0018091201782226562, "10": 0.001767873764038086, "11": 0.0018320083618164062, "12": 0.0019054412841796875, "13": 0.0018448829650878906, "14": 0.0018877983093261719, "15": 0.0019211769104003906, "16": 0.0019958019256591797, "17": 0.0018856525421142578, "18": 0.002027750015258789, "19": 0.002107381820678711, "20": 0.002129793167114258, "21": 0.002132415771484375, "22": 0.002002716064453125, "23": 0.0018846988677978516, "24": 0.002024412155151367, "25": 0.0025467872619628906, "26": 0.002208232879638672, "27": 0.0020720958709716797, "28": 0.002077817916870117, "29": 0.002629995346069336, "30": 0.0019593238830566406, "31": 0.0019216537475585938, "32": 0.0019371509552001953, "33": 0.0019822120666503906, "34": 0.0021829605102539062, "35": 0.0019617080688476562, "36": 0.001958131790161133, "37": 0.0018970966339111328, "38": 0.001992940902709961, "39": 0.0020051002502441406, "40": 0.002045869827270508}