{"1": 1.3981828689575195, "2": 1.3428699970245361, "3": 1.362293004989624, "4": 1.3701198101043701, "5": 1.406515121459961, "6": 1.58138108253479, "7": 1.528005838394165, "8": 1.674377202987671, "9": 1.7119648456573486, "10": 2.522880792617798, "11": 10.29972505569458, "12": 6.464423179626465, "13": 3.428070068359375, "14": 3.1184258460998535, "15": 3.2553279399871826, "16": 24.270581007003784, "17": 15.692929029464722, "18": 10.724188327789307, "19": 57.3272008895874, "20": 72.84175109863281, "21": 72.76664710044861, "22": 158.02339720726013, "23": 40.39507508277893, "24": 23.260381937026978, "25": 300.0711622238159, "26": 112.62341690063477, "27": 14.691545963287354, "28": 78.02149605751038, "29": 99.43820881843567, "30": 300.0334129333496, "31": 9.57003402709961, "32": 300.0225660800934, "33": 32.74575734138489, "34": 300.0232138633728, "35": 102.97391891479492, "36": 43.10401487350464, "37": 1.7315731048583984, "38": 1.7183213233947754, "39": 1.7455308437347412, "40": 1.7380383014678955}