{"1": 0.011, "2": 0.003, "3": 0.004, "4": 0.005, "5": 0.015, "6": 0.017, "7": 0.023, "8": 0.025, "9": 0.031, "10": 0.053, "11": 1.565, "12": 0.11, "13": 0.112, "14": 0.3, "15": 2.333, "16": 3.102, "17": 1.125, "18": 1.3639999999999999, "19": 5.297, "20": 35.488, "21": 5.445, "22": 300, "23": 6.362, "24": 2.528, "25": 300, "26": 9.906, "27": 14.762, "28": 15.392, "29": 8.090999, "30": 228.619, "31": 4.788, "32": 300, "33": 1.026, "34": 165.379, "35": 3.948, "36": 4.818, "37": 300, "38": 300, "39": 178.31, "40": 300}