{"1": 0.011, "2": 0.004, "3": 0.006, "4": 0.008, "5": 0.02, "6": 0.023, "7": 0.031, "8": 0.033, "9": 0.047, "10": 0.073, "11": 2.214, "12": 0.157, "13": 0.164, "14": 0.427, "15": 3.3529999999999998, "16": 4.415, "17": 1.605, "18": 1.8900000000000001, "19": 7.49, "20": 49.388, "21": 7.202, "22": 300, "23": 9.298, "24": 3.695, "25": 300, "26": 14.61, "27": 20.225, "28": 20.576, "29": 10.922, "30": 278.37, "31": 6.392, "32": 300, "33": 1.309, "34": 234.081, "35": 5.442, "36": 6.535, "37": 300, "38": 300, "39": 251.664, "40": 300}