{"1": 0.36, "2": 0.36, "3": 0.37, "4": 0.37, "5": 0.37, "6": 0.37, "7": 0.38, "8": 0.41, "9": 0.41, "10": 0.44, "11": 2.35, "12": 0.6, "13": 0.63, "14": 1.06, "15": 2.02, "16": 79.9, "17": 1.7, "18": 1.8199999999999998, "19": 13.78, "20": 4.2, "21": 7.49, "22": 300, "23": 41.04, "24": 11.67, "25": 300, "26": 300, "27": 6.66, "28": 21.6, "29": 28.78, "30": 300, "31": 1.18, "32": 85.34, "33": 66.959999, "34": 2.57, "35": 60.74, "36": 4.46, "37": 300, "38": 300, "39": 300, "40": 300}