{"1": 0.007, "2": 0.001, "3": 0.002, "4": 0.002, "5": 0.004, "6": 0.005, "7": 0.007, "8": 0.013, "9": 0.013, "10": 0.025, "11": 0.29, "12": 0.047, "13": 0.038, "14": 0.143, "15": 0.059, "16": 289.992, "17": 0.503, "18": 0.327, "19": 300, "20": 0.645, "21": 24.109, "22": 300, "23": 0.281, "24": 0.246, "25": 218.962, "26": 178.731, "27": 0.976, "28": 64.361, "29": 30.857, "30": 300, "31": 7.703, "32": 300, "33": 11.03, "34": 14.157, "35": 3.653, "36": 1.9340000000000002, "37": 300, "38": 300, "39": 2.4939999999999998, "40": 300}