{"1": 0.25, "2": 0.25, "3": 0.24, "4": 0.25, "5": 0.25, "6": 0.26, "7": 0.26, "8": 0.3, "9": 0.29, "10": 0.32, "11": 1.6099999999999999, "12": 0.44, "13": 0.46, "14": 0.73, "15": 1.45, "16": 48.37, "17": 1.06, "18": 0.88, "19": 7.47, "20": 2.36, "21": 4.43, "22": 300, "23": 27.54, "24": 8.69, "25": 300, "26": 300, "27": 6.9399999999999995, "28": 16.59, "29": 23.87, "30": 300, "31": 0.95, "32": 60.73, "33": 45.07, "34": 1.9100000000000001, "35": 45.49, "36": 3.43, "37": 300, "38": 300, "39": 300, "40": 300}