{"1": 0.001, "2": 0.002, "3": 0.002, "4": 0.005, "5": 0.007, "6": 0.008, "7": 0.009, "8": 0.009, "9": 0.015, "10": 0.02, "11": 3.4859999999999998, "12": 0.058, "13": 0.072, "14": 0.084, "15": 0.092, "16": 40.88, "17": 2.063, "18": 0.492, "19": 300, "20": 0.625, "21": 2.8209999999999997, "22": 25.062, "23": 2.138, "24": 3.089, "25": 4.261, "26": 8.929, "27": 3.548, "28": 8.968, "29": 208.174, "30": 300, "31": 0.344, "32": 300, "33": 58.59, "34": 300, "35": 7.499, "36": 7.785, "37": 300, "38": 137.048, "39": 300, "40": 300}