{"1": 0.006, "2": 0.006, "3": 0.006, "4": 0.013, "5": 0.018, "6": 0.041, "7": 0.088, "8": 0.151, "9": 0.054, "10": 0.115, "11": 0.767, "12": 2.879, "13": 0.356, "14": 0.692, "15": 1.0, "16": 31.38, "17": 257.572999, "18": 63.229, "19": 129.247999, "20": 300, "21": 300, "22": 300, "23": 300, "24": 65.491, "25": 300, "26": 300, "27": 220.328, "28": 300, "29": 300, "30": 300, "31": 300, "32": 300, "33": 300, "34": 1.219, "35": 13.267, "36": 2.485, "37": 300, "38": 300, "39": 300, "40": 300}