{"1": 0.34, "2": 0.33, "3": 0.34, "4": 0.34, "5": 0.37, "6": 0.38, "7": 0.37, "8": 0.45, "9": 0.49, "10": 0.46, "11": 2.57, "12": 0.67, "13": 0.68, "14": 1.1400000000000001, "15": 2.25, "16": 75.43, "17": 1.5699999999999998, "18": 1.33, "19": 11.34, "20": 3.52, "21": 6.86, "22": 300, "23": 38.16, "24": 12.3, "25": 300, "26": 300, "27": 6.33, "28": 17.58, "29": 25.57, "30": 300, "31": 1.1400000000000001, "32": 82.48, "33": 68.62, "34": 2.49, "35": 62.0, "36": 4.5600000000000005, "37": 300, "38": 300, "39": 300, "40": 300}