{"1": 0.009, "2": 0.003, "3": 0.004, "4": 0.005, "5": 0.016, "6": 0.016, "7": 0.022, "8": 0.024, "9": 0.031, "10": 0.051, "11": 1.5070000000000001, "12": 0.109, "13": 0.109, "14": 0.293, "15": 2.281, "16": 3.072, "17": 1.11, "18": 1.324, "19": 5.115, "20": 32.79, "21": 4.913, "22": 300, "23": 6.217, "24": 2.4859999999999998, "25": 300, "26": 9.898, "27": 13.687, "28": 14.107, "29": 7.523, "30": 191.261, "31": 4.294, "32": 300, "33": 0.929, "34": 152.604, "35": 3.48, "36": 4.224, "37": 300, "38": 300, "39": 171.081, "40": 300}