{"1": 0.001, "2": 0.004, "3": 0.005, "4": 0.007, "5": 0.02, "6": 0.022, "7": 0.03, "8": 0.032, "9": 0.043, "10": 0.073, "11": 2.189, "12": 0.153, "13": 0.152, "14": 0.427, "15": 3.339, "16": 4.404, "17": 1.605, "18": 1.896, "19": 7.485, "20": 47.659, "21": 7.213, "22": 300, "23": 9.268, "24": 4.011999, "25": 300, "26": 16.665, "27": 21.398, "28": 20.745, "29": 10.963, "30": 284.922, "31": 6.454, "32": 300, "33": 1.374, "34": 215.803, "35": 5.106, "36": 6.221, "37": 300, "38": 300, "39": 259.233999, "40": 300}