{"1": 2.5187625885009766, "2": 3.5084547996520996, "3": 4.492485761642456, "4": 3.7847769260406494, "5": 2.9079837799072266, "6": 3.421283721923828, "7": 4.943573951721191, "8": 3.467771530151367, "9": 4.900975704193115, "10": 3.3908236026763916, "11": 121.38942790031433, "12": 11.212109327316284, "13": 18.578409910202026, "14": 18.978382110595703, "15": 55.88068628311157, "16": 199.78803753852844, "17": 21.326277256011963, "18": 94.03702139854431, "19": 138.49919033050537, "20": 109.25648188591003, "21": 300.21901845932007, "22": 300.0878074169159, "23": 248.2876217365265, "24": 134.37111353874207, "25": 300.24863028526306, "26": 300.03924322128296, "27": 79.18519806861877, "28": 191.29145455360413, "29": 84.90369057655334, "30": 300.03826355934143, "31": 115.67113733291626, "32": 300.03826355934143, "33": 2.6969194412231445,"34": 300.04516339302063, "35": 300.1014964580536, "36": 123.08363389968872, "37": 300.0497715473175, "38": 300.1553020477295,"39": 300.0497715473175, "40": 300.1553020477295}