{"1": 0.26888203620910645, "2": 0.16623592376708984, "3": 0.15633368492126465, "4": 0.18947672843933105, "5": 0.18729352951049805, "6": 0.18007373809814453, "7": 0.25098299980163574, "8": 0.20356202125549316, "9": 0.2355177402496338, "10": 0.2243509292602539, "11": 1.1504979133605957, "12": 0.6352319717407227, "13": 0.8802812099456787, "14": 1.3958251476287842, "15": 0.7363123893737793, "16": 7.056879043579102, "17": 1.8763229846954346, "18": 3.6963846683502197, "19": 21.529561758041382, "20": 12.381534814834595, "35": 0.1515331268310547, "36": 0.17268061637878418, "37": 0.1918656826019287, "38": 0.22413206100463867, "39": 0.20247983932495117, "40": 7.197161674499512}