{"1": 2.3826217651367188, "2": 4.112278699874878, "3": 4.190085411071777, "4": 4.280468463897705, "5": 2.4703683853149414, "6": 5.121193885803223, "7": 3.4456751346588135, "8": 4.237206220626831, "9": 2.591575860977173, "10": 3.8224589824676514, "11": 3.723464250564575, "12": 3.9314894676208496, "13": 7.247212171554565, "14": 6.1781392097473145, "15": 4.800985336303711, "16": 2.7084481716156006, "17": 1.8622264862060547, "18": 1.5553383827209473, "19": 1.4852283000946045, "20": 2.2395410537719727, "21": 1.614497423171997, "22": 300.06918382644653, "23": 5.071981430053711, "24": 21.465646028518677, "25": 300.05761528015137, "26": 33.22610378265381, "27": 15.117988348007202, "28": 48.91870307922363, "29": 31.81440782546997, "30": 265.1355528831482, "31": 11.98632526397705, "32": 300.07817339897156, "33": 43.4336142539978, "34": 300.04516339302063, "35": 106.49633145332336, "36": 265.0032687187195, "37": 300.03913402557373, "38": 300.04801392555237, "39": 300.04680919647217, "40": 300.0654032230377}