{"1": 2.227996349334717, "2": 3.0109360218048096, "3": 3.5016896724700928, "4": 2.2515971660614014, "5": 2.384695053100586, "6": 3.159385919570923, "7": 4.236746311187744, "8": 4.204949140548706, "9": 2.5769712924957275, "10": 4.011513948440552, "11": 20.896485567092896, "12": 3.399108409881592, "13": 2.693477153778076, "14": 13.399317026138306, "15": 6.9080915451049805, "16": 70.40276527404785, "17": 4.774713039398193, "18": 68.03583264350891, "19": 281.89747643470764, "20": 20.96063804626465, "21": 300.059707403183, "22": 300.065975189209, "23": 164.9630434513092, "24": 17.64415979385376, "25": 300.0916893482208, "26": 300.21363401412964, "27": 32.20388317108154, "28": 69.86130213737488, "29": 67.32102274894714, "30": 300.06666684150696, "31": 25.643638610839844, "32": 300.07177925109863, "33": 10.48774242401123, "34": 112.00022315979004, "35": 300.05231857299805, "36": 300.08395409584045, "37": 300.0618636608124, "38": 300.696620225906, "39": 300.06057476997375, "40": 300.051851272583}