{"1": 0.1437358856201172, "2": 0.16734790802001953, "3": 0.11826062202453613, "4": 0.1281726360321045, "5": 0.13622617721557617, "6": 0.1361253261566162, "7": 0.2036304473876953, "8": 0.15317916870117188, "9": 0.1756293773651123, "10": 0.2297224998474121, "11": 1.4486699104309082, "12": 0.33396148681640625, "13": 0.5234038829803467, "14": 1.0340557098388672, "15": 1.0803284645080566, "16": 6.256065368652344, "17": 4.705263137817383, "18": 1.5786373615264893}