{"1": 0.24595427513122559, "2": 0.12223434448242188, "3": 0.12972426414489746, "4": 0.18076038360595703, "5": 0.14575457572937012, "6": 0.1515028476715088, "7": 0.15061402320861816, "8": 0.15674781799316406, "9": 0.19959115982055664, "10": 0.18447041511535645, "11": 3.5529067516326904, "12": 0.5092489719390869, "13": 0.41739535331726074, "14": 0.7402443885803223, "15": 0.35629868507385254, "16": 4.106123685836792, "17": 2.0100834369659424, "18": 3.3416080474853516}