{"1": 15.76399564743042, "2": 21.523789405822754, "3": 13.57502794265747, "4": 14.92859172821045, "5": 8.011328935623169, "6": 7.2347588539123535, "7": 5.238654375076294, "8": 5.175063371658325, "9": 8.364543676376343, "10": 5.869788408279419, "11": 11.048646211624146, "12": 12.09660291671753, "13": 6.881553649902344, "14": 7.927565574645996, "15": 20.478253841400146, "16": 49.758946895599365, "17": 4.705263137817383, "18": 1.5786373615264893, "19": 121.58522987365723, "20": 68.40607404708862, "21": 300.06896233558655, "22": 300.22004318237305, "23": 24.33612632751465, "24": 6.189623832702637, "25": 300.0894021987915, "26": 284.7583751678467, "27": 9.592513084411621, "28": 21.636865615844727, "29": 24.327910661697388, "30": 300.05348563194275, "31": 5.253420114517212, "32": 300.0925712585449, "33": 5.396821975708008, "34": 300.0597836971283, "35": 300.08396911621094, "36": 107.864501953125, "37": 300.0320725440979, "38": 300.01831459999084, "39": 300.0490984916687, "40": 300.05612230300903}