{"1": 0.41428565979003906, "2": 0.292910099029541, "3": 0.27350759506225586, "4": 0.307422399520874, "5": 0.3076748847961426, "6": 0.3597745895385742, "7": 0.3502919673919678, "8": 0.3635420799255371, "9": 0.3367009162902832, "10": 0.39720845222473145, "11": 1.4376792907714844, "12": 1.2196154594421387, "13": 0.6464519500732422, "14": 1.521488904953003, "15": 1.8688995838165283, "16": 2.472740888595581, "17": 1.5621757507324219, "18": 5.01555609703064, "19": 5.989112377166748}