{"1": 0.5108673572540283, "2": 0.5609626770019531, "3": 0.6972081661224365, "4": 0.8919808864593506, "5": 1.6795494556427002, "6": 2.0206899642944336, "7": 2.747553825378418, "8": 4.1072587966918945, "9": 3.863877296447754, "10": 6.271147966384888, "11": 18.67275905609131, "12": 11.795455932617188, "13": 10.831849336624146, "14": 14.31874394416809, "15": 17.627222776412964, "16": 35.932687282562256}