{"1": 0.23810267448425293, "2": 0.4405665397644043, "3": 0.5875580310821533, "4": 0.7282159328460693, "5": 1.5015242099761963, "6": 1.7708256244659424, "7": 2.0720181465148926, "8": 3.6735291481018066, "9": 3.3381564617156982, "10": 4.807040452957153, "11": 10.618062257766724, "12": 10.203078508377075}