{"1": 1.3614027500152588, "2": 1.4121370315551758, "3": 1.4327821731567383, "4": 1.483119249343872, "5": 1.7350819110870361, "6": 1.8317649364471436, "7": 1.8938171863555908, "8": 2.4549081325531006, "9": 2.377608060836792, "10": 2.8660967350006104, "11": 4.59101676940918, "12": 4.310335874557495, "13": 4.2502007484436035, "14": 4.740260124206543, "15": 5.812500953674316, "16": 11.079725980758667, "17": 8.054710149765015, "18": 10.210246086120605, "19": 44.76478910446167, "20": 24.02470588684082, "21": 17.39558720588684, "22": 225.65187120437622, "23": 13.072288990020752, "24": 12.004878997802734, "25": 46.595356941223145, "26": 70.76219081878662, "27": 20.5506649017334, "28": 17.477507829666138, "29": 22.896698713302612, "30": 300.03331422805786, "31": 10.616575002670288, "32": 300.01851201057434, "33": 15.600965738296509, "34": 28.400787830352783, "35": 18.909732818603516, "36": 21.723868131637573, "37": 300.02493476867676, "38": 300.01769399642944, "39": 300.02502393722534, "40": 300.0583200454712}