{"1": 1.7224318981170654, "2": 1.6148922443389893, "3": 1.7837271690368652, "4": 2.0168399810791016, "5": 2.5180821418762207, "6": 2.930220127105713, "7": 3.0394811630249023, "8": 4.745834112167358, "9": 4.225021123886108, "10": 5.519860029220581, "11": 11.583332777023315, "12": 10.639111042022705, "13": 9.802916049957275, "14": 11.031908750534058, "15": 13.826097011566162, "16": 28.05708408355713, "17": 24.51909112930298, "18": 29.7969651222229, "19": 66.80910897254944, "20": 58.93278694152832, "21": 95.81389904022217, "22": 300.02236104011536, "23": 52.00450897216797, "24": 36.15417194366455, "25": 300.02961802482605, "26": 60.39781713485718, "27": 50.543463945388794, "28": 52.23253583908081, "29": 66.20893907546997, "30": 300.02743339538574, "31": 33.04233908653259, "32": 300.0429468154907, "33": 39.826399087905884, "34": 78.91907215118408, "35": 66.3893530368805, "36": 51.35764408111572, "37": 300.03533482551575, "38": 300.0337698459625, "39": 300.0504512786865, "40": 300.0746052265167}