{"1": 1.3614027500152588, "2": 1.4121370315551758, "3": 1.4327821731567383, "4": 1.483119249343872, "5": 1.7350819110870361, "6": 1.8317649364471436, "7": 1.8938171863555908, "8": 2.4549081325531006, "9": 2.377608060836792, "10": 2.8660967350006104, "11": 4.59101676940918, "12": 4.310335874557495, "13": 4.2502007484436035, "14": 4.740260124206543, "15": 5.812500953674316, "16": 11.079725980758667, "17": 8.054710149765015, "18": 10.210246086120605, "19": 44.76478910446167, "20": 24.02470588684082, "21": 17.39558720588684, "22": 225.65187120437622, "23": 13.072288990020752, "24": 12.004878997802734, "25": 46.595356941223145, "26": 70.76219081878662, "27": 20.5506649017334, "28": 17.477507829666138, "29": 22.896698713302612, "30": 300.01466703414917, "31": 7.575927734375, "32": 299.99325704574585, "33": 11.324602842330933, "34": 36.10931897163391, "35": 22.59946608543396, "36": 13.03660273551941, "37": 300.01461696624756, "38": 300.0127069950104, "39": 300.0133352279663, "40": 300.08025789260864}