{"1": 1.1330649852752686, "2": 1.2035150527954102, "3": 1.3034651279449463, "4": 1.3755772113800049, "5": 2.2553160190582275, "6": 2.0927748680114746, "7": 2.164336919784546, "8": 3.05059814453125, "9": 2.8543918132781982, "10": 3.941326856613159, "11": 13.001644849777222, "12": 6.9344398975372314, "13": 6.473378896713257, "14": 8.39529800415039, "15": 9.440438985824585, "16": 19.838682174682617, "17": 16.313449144363403, "18": 20.125990867614746, "19": 91.2153468132019, "20": 34.001376152038574, "21": 29.254748106002808, "22": 300.01806378364563, "23": 24.850361108779907, "24": 21.292052030563354, "25": 300.0502960681915, "26": 77.9338653087616, "27": 42.985039949417114, "28": 41.070664167404175, "29": 47.996097803115845, "30": 300.0234718322754, "31": 17.503215074539185, "32": 300.03218507766724, "33": 28.509818077087402, "34": 91.44458198547363, "35": 36.62734007835388, "36": 37.80805468559265, "37": 300.0328710079193, "38": 300.02547669410706, "39": 300.02690720558167, "40": 300.1326138973236}