{"1": 1.390709400177002, "2": 1.2941198348999023, "3": 1.3722901344299316, "4": 1.4578046798706055}