{"1": 0.39605021476745605, "2": 0.33162951469421387, "3": 0.459641695022583, "4": 0.5591044425964355, "5": 0.9431087970733643, "6": 1.2154030799865723, "7": 1.3990120887756348, "8": 2.0743017196655273, "9": 2.110008716583252, "10": 3.227367401123047, "11": 8.616277933120728, "12": 6.258621692657471, "13": 6.661035060882568, "14": 8.77391266822815, "15": 11.624635219573975, "16": 17.57511568069458, "17": 16.001317262649536, "18": 20.30713415145874, "19": 33.77013826370239, "20": 37.68688130378723, "21": 58.13697648048401, "22": 79.77315163612366, "23": 27.086846113204956, "24": 25.020938634872437, "25": 218.01432991027832, "26": 49.47205877304077, "27": 36.182759284973145, "28": 49.69463849067688, "29": 49.540950298309326, "30": 79.3182258605957, "31": 20.516339540481567, "32": 300.02472019195557, "33": 22.004626035690308, "34": 40.32795190811157, "35": 19.518879890441895, "36": 28.11055898666382, "37": 6936.520504951477, "38": 300.0504353046417, "39": 141.42016220092773, "40": 300.07405519485474}