{"1": 0.6799030303955078, "2": 0.829230785369873, "3": 0.6106297969818115, "4": 0.6116302013397217}