{"1": 1.1590702533721924, "2": 1.1519970893859863, "3": 1.2384860515594482, "4": 1.295896053314209, "5": 1.493584156036377, "6": 1.6516509056091309, "7": 1.7614667415618896, "8": 2.224548101425171, "9": 2.277527093887329, "10": 3.8803043365478516, "11": 7.764925003051758, "12": 4.920544862747192, "13": 5.080744028091431, "14": 5.9536590576171875, "15": 7.482395887374878, "16": 13.411986112594604, "17": 11.598920822143555, "18": 13.547051191329956, "19": 25.512422800064087, "20": 28.28222680091858, "21": 45.80665326118469, "22": 73.40449905395508, "23": 20.77028489112854, "24": 18.071892976760864, "25": 206.19068598747253, "26": 31.57510805130005, "27": 21.524250984191895, "28": 33.584327936172485, "29": 35.667853116989136, "30": 56.26545310020447, "31": 14.440502166748047, "32": 300.02472019195557, "33": 22.004626035690308, "34": 40.32795190811157, "35": 19.518879890441895, "36": 28.11055898666382, "37": 6936.520504951477, "38": 300.0504353046417, "39": 141.42016220092773, "40": 300.07405519485474}