{"1": 1.5365869998931885, "2": 1.6022450923919678, "3": 1.6886849403381348, "4": 1.7983789443969727, "5": 2.1608169078826904, "6": 3.1325747966766357, "7": 2.676464080810547, "8": 3.3479621410369873, "9": 3.3783118724823, "10": 4.638275861740112, "11": 6.8326897621154785, "12": 6.336470127105713, "13": 6.556046009063721, "14": 8.425276279449463, "15": 11.172281980514526, "16": 17.57511568069458, "17": 16.001317262649536, "18": 20.30713415145874, "19": 33.77013826370239, "20": 37.68688130378723, "21": 58.13697648048401, "22": 79.77315163612366, "23": 27.086846113204956, "24": 25.020938634872437, "25": 218.01432991027832, "26": 49.47205877304077, "27": 36.182759284973145, "28": 49.69463849067688, "29": 49.540950298309326, "30": 79.3182258605957, "31": 20.516339540481567, "32": 300.02472019195557, "33": 22.004626035690308, "34": 40.32795190811157, "35": 19.518879890441895, "36": 28.11055898666382, "37": 6936.520504951477, "38": 300.0504353046417, "39": 141.42016220092773, "40": 300.07405519485474}