{"1": 1.4828741550445557, "2": 1.6188640594482422, "3": 2.0219693183898926, "4": 1.884768009185791, "5": 2.278135061264038, "6": 2.584900140762329, "7": 2.625091075897217, "8": 3.5233848094940186, "9": 3.1757771968841553, "10": 4.361042022705078, "11": 11.722764015197754, "12": 7.169195175170898, "13": 7.386760950088501, "14": 8.367380857467651, "15": 11.92954969406128, "16": 18.463838815689087, "17": 15.001528024673462, "18": 17.70084309577942, "19": 31.91828417778015, "20": 33.743359088897705, "21": 57.89297699928284, "22": 93.64329814910889, "23": 27.119422912597656, "24": 27.03035020828247, "25": 258.8508129119873, "26": 50.954878091812134, "27": 31.32060194015503, "28": 50.566336154937744, "29": 49.90076017379761, "30": 74.30852675437927, "31": 17.39437985420227, "32": 300.0356447696686, "33": 28.733999729156494, "34": 53.549631118774414, "35": 28.24974799156189, "36": 39.160014152526855, "37": 300.0185799598694, "38": 300.0181119441986, "39": 114.17434191703796, "40": 299.9955270290375}