{"1": 1.576216220855713, "2": 1.4385690689086914, "3": 1.5093250274658203, "4": 1.5494699478149414, "5": 1.8837850093841553, "6": 1.9721100330352783, "7": 2.0072829723358154, "8": 2.4760682582855225, "9": 2.373784065246582, "10": 2.8884620666503906, "11": 4.342897891998291, "12": 4.738213777542114, "13": 5.553966283798218, "14": 5.5703959465026855, "15": 6.114314079284668, "16": 8.96900725364685, "17": 9.000160932540894, "18": 12.763031959533691, "19": 36.75275897979736, "20": 16.784094095230103, "21": 25.89959716796875, "22": 44.81304597854614, "23": 12.4945650100708, "24": 14.490808010101318, "25": 272.2251331806183, "26": 30.1667959690094, "27": 18.771389961242676, "28": 16.15410614013672, "29": 29.969271898269653, "30": 300.0192120075226, "31": 11.827624082565308, "32": 300.0150783061981, "33": 16.453375101089478, "34": 48.00307106971741, "35": 59.65125608444214, "36": 20.975229263305664, "37": 86.1328592300415, "38": 300.03266406059265, "39": 75.40675497055054, "40": 300.06451416015625}