{"1": 0.2129535675048828, "2": 0.2989771366119385, "3": 0.35767078399658203, "4": 0.41872715950012207, "5": 0.7115719318389893, "6": 0.855107307434082, "7": 0.9050464630126953, "8": 1.5829427242279053, "9": 1.410592794418335, "10": 2.032194137573242, "11": 3.7514562606811523, "12": 3.907766819000244}