{"1": 1.5721149444580078, "2": 1.64780855178833, "3": 2.4120030403137207, "4": 1.8521568775177002, "5": 3.673240900039673, "6": 2.567782163619995, "7": 2.279515027999878, "8": 2.161983013153076, "9": 2.2387211322784424, "10": 3.9706459045410156, "11": 23.59608483314514, "12": 6.253380060195923, "13": 6.583346843719482, "14": 5.532910108566284, "15": 5.147694110870361, "16": 13.411986112594604, "17": 11.598920822143555, "18": 13.547051191329956, "19": 25.512422800064087, "20": 28.28222680091858, "21": 45.80665326118469, "22": 73.40449905395508, "23": 20.77028489112854, "24": 18.071892976760864, "25": 206.19068598747253, "26": 31.57510805130005, "27": 21.524250984191895, "28": 33.584327936172485, "29": 35.667853116989136, "30": 56.26545310020447, "31": 14.440502166748047, "32": 300.02472019195557, "33": 22.004626035690308, "34": 40.32795190811157, "35": 19.518879890441895, "36": 28.11055898666382, "37": 6936.520504951477, "38": 300.0504353046417, "39": 141.42016220092773, "40": 300.07405519485474}