{"1": 1.669402837753296, "2": 1.6949121952056885, "3": 1.839806318283081, "4": 1.7803049087524414, "5": 2.3650741577148438, "6": 2.4041662216186523, "7": 2.7216379642486572, "8": 3.474346876144409, "9": 3.3805739879608154, "10": 4.505072832107544, "11": 8.039204835891724, "12": 7.62946081161499, "13": 9.122831106185913, "14": 10.18137812614441, "15": 13.295127868652344, "16": 17.57511568069458, "17": 16.001317262649536, "18": 20.30713415145874, "19": 33.77013826370239, "20": 37.68688130378723, "21": 58.13697648048401, "22": 79.77315163612366, "23": 27.086846113204956, "24": 25.020938634872437, "25": 218.01432991027832, "26": 49.47205877304077, "27": 36.182759284973145, "28": 49.69463849067688, "29": 49.540950298309326, "30": 79.3182258605957, "31": 20.516339540481567, "32": 300.02472019195557, "33": 22.004626035690308, "34": 40.32795190811157, "35": 19.518879890441895, "36": 28.11055898666382, "37": 6936.520504951477, "38": 300.0504353046417, "39": 141.42016220092773, "40": 300.07405519485474}