{"1": 3.081453800201416, "2": 2.1895811557769775, "3": 2.1185238361358643, "4": 2.475098133087158, "5": 4.141045808792114, "6": 5.254415988922119, "7": 4.605285882949829, "8": 3.680394172668457, "9": 5.069879055023193, "10": 16.406797170639038, "11": 158.06623697280884, "12": 86.24845314025879, "13": 24.145164012908936, "14": 42.85023093223572, "15": 300.0311050415039, "16": 300.0162808895111, "17": 135.1146321296692, "18": 300.0363838672638, "19": 300.02856397628784, "20": 300.02275800704956, "21": 300.0286259651184, "22": 300.0192379951477, "23": 300.02061676979065, "24": 300.01749300956726, "25": 300.0254108905792, "26": 300.02128505706787, "27": 300.0238289833069, "28": 300.0202159881592, "29": 300.0197308063507, "30": 300.02768206596375, "31": 300.0215449333191, "32": 300.02698802948, "33": 300.0201380252838, "34": 300.3123359680176, "35": 300.02778601646423, "36": 300.0234019756317, "37": 300.02217292785645, "38": 300.0296368598938, "39": 300.0305709838867, "40": 300.11790204048157}