{"1": 1.8675119876861572, "2": 1.630054235458374, "3": 1.5765528678894043, "4": 1.9947271347045898, "5": 2.343593120574951, "6": 2.5815701484680176, "7": 3.181394100189209, "8": 2.336124897003174, "9": 2.75304913520813, "10": 22.064500093460083, "11": 300.01872205734253, "12": 139.51436018943787, "13": 17.629963159561157, "14": 83.75107097625732, "15": 111.9152319431305, "16": 300.02099895477295, "17": 300.0558729171753, "18": 300.0188660621643, "19": 300.02079916000366, "20": 300.01964473724365, "21": 300.0257132053375, "22": 300.0234820842743, "23": 300.0177581310272, "24": 300.0170307159424, "25": 300.0199100971222, "26": 300.01670718193054, "27": 300.01719903945923, "28": 300.0177710056305, "29": 300.0180470943451, "30": 300.0202920436859, "31": 300.0166530609131, "32": 300.01952719688416, "33": 300.01725006103516, "34": 300.02246618270874, "35": 300.01792907714844, "36": 300.017365694046, "37": 300.0203938484192, "38": 300.02022790908813, "39": 300.01913595199585, "40": 300.05451917648315}