{"1": 1.5751643180847168, "2": 1.520390272140503, "3": 1.477066993713379, "4": 1.4335858821868896, "5": 1.5216751098632812, "6": 1.6450228691101074, "7": 1.7057921886444092, "8": 1.9488739967346191, "9": 1.846938133239746, "10": 2.334810972213745, "11": 18.89234185218811, "12": 7.347635984420776, "13": 3.70576810836792, "14": 5.715868949890137, "15": 3.9309730529785156, "16": 32.54179000854492, "17": 19.64026117324829, "18": 10.043665885925293, "19": 300.01660919189453, "20": 85.41662120819092, "21": 52.054543018341064, "22": 300.01795196533203, "23": 47.08723783493042, "24": 23.049205780029297, "25": 300.01549530029297, "26": 223.95446610450745, "27": 34.49921727180481, "28": 97.29802393913269, "29": 247.80458903312683, "30": 300.04550409317017, "31": 19.54678988456726, "32": 300.0216290950775, "33": 29.390828847885132, "34": 300.0182490348816, "35": 86.80029582977295, "36": 80.56476902961731, "37": 300.02276515960693, "38": 300.01999378204346, "39": 300.01842403411865, "40": 300.02398681640625}