{"1": 0.2506277561187744, "2": 0.27852511405944824, "3": 0.30562710762023926, "4": 0.41901302337646484, "5": 0.834113597869873, "6": 1.6605556011199951, "7": 0.8124518394470215, "8": 1.2822589874267578, "9": 1.8641631603240967, "10": 9.601288557052612, "11": 96.44998145103455, "12": 37.43671488761902, "13": 11.31310772895813, "14": 25.368807792663574, "15": 300.0143504142761, "16": 300.10428833961487, "17": 123.81816267967224, "18": 297.039021730423, "19": 300.1083765029907, "20": 300.014271736145, "21": 300.0854904651642}