{"1": 0.055382728576660156, "2": 0.07234382629394531, "3": 0.11850857734680176, "4": 0.1438465118408203, "5": 0.21020984649658203, "6": 0.2872638702392578, "7": 0.30545544624328613, "8": 0.46050500869750977, "9": 0.43688297271728516, "10": 0.8385031223297119, "11": 12.805225610733032, "12": 3.6657378673553467, "13": 1.6875050067901611, "14": 1.9939677715301514, "15": 1.8319153785705566, "16": 87.24762988090515, "17": 7.845351219177246, "18": 10.478387117385864, "19": 21.391133069992065, "20": 37.03037095069885, "21": 24.540249347686768, "22": 300.10423374176025, "23": 38.96250367164612, "24": 10.873189449310303, "25": 300.10522627830505, "26": 203.469007730484, "27": 11.593892812728882, "28": 140.26101446151733, "29": 51.83935189247131, "30": 300.10640931129456, "31": 8.951662540435791, "32": 300.1047718524933, "33": 14.548312664031982, "34": 126.48659348487854, "35": 139.5508918762207, "36": 48.05308675765991, "37": 300.1044216156006, "38": 300.10670280456543, "39": 221.9887340068817, "40": 300.1087210178375}