{"1": 1.5477681159973145, "2": 1.3478209972381592, "3": 1.4086673259735107, "4": 1.4223511219024658, "5": 1.659557819366455, "6": 2.2052342891693115, "7": 1.7512948513031006, "8": 1.697638750076294, "9": 1.6836020946502686, "10": 1.970409870147705, "11": 9.803157806396484, "12": 7.148295879364014, "13": 4.9673848152160645, "14": 5.755192041397095, "15": 4.3752851486206055, "16": 84.07905316352844, "17": 20.57074499130249, "18": 9.199023723602295, "19": 196.92741298675537, "20": 46.366923093795776, "21": 97.2244930267334, "22": 300.021525144577, "23": 29.60769486427307, "24": 25.64617609977722, "25": 300.0162937641144, "26": 146.04123497009277, "27": 55.2621066570282, "28": 49.15051507949829, "29": 75.622318983078, "30": 300.01627707481384, "31": 13.428422927856445, "32": 300.0181050300598, "33": 20.2708101272583, "34": 300.02043890953064, "35": 190.09545230865479, "36": 60.88358211517334, "37": 300.0256209373474, "38": 300.0224609375, "39": 300.02436804771423, "40": 300.0215423107147}