{"1": 0.1890089511871338, "2": 0.2087259292602539, "3": 0.26567983627319336, "4": 0.28402280807495117, "5": 0.35308003425598145, "6": 0.442155122756958, "7": 0.4501223564147949, "8": 0.5983450412750244, "9": 0.5848798751831055, "10": 0.9466102123260498, "11": 12.086696863174438, "12": 4.0882017612457275, "13": 1.9517076015472412, "14": 2.404444932937622, "15": 2.098254442214966, "16": 97.79552173614502, "17": 8.695745944976807, "18": 13.896095275878906, "19": 23.31817865371704, "20": 40.49025821685791, "21": 25.19131851196289}